"Name","State","Notes","User","Tags","Created","Runtime","Sweep","conv_arch","dropout","lr","method","metric.goal","metric.name","parameters.conv_archs","parameters.dropout.distribution","parameters.dropout.max","parameters.dropout.min","parameters.lr.distribution","parameters.lr.max","parameters.lr.min","parameters.window_sizes","window_size","global_pool","parameters.global_pools","batch_size","conv_channels","dilation_rates","epochs","kernel_sizes","num_workers","use_wandb","best_val_acc","epoch","loss","train_acc","val_acc"
"run_a_undilated_20k","finished","-","","","2026-05-16T21:09:41.000Z","372","","","0.34","0.000153","","","","","","","","","","","","20000","false","","512","[32,64,128]","[1,1,1]","25","[7,5,3]","2","true","0.8836436170212766","25","0.4298941767923364","0.8528110730593608","0.8826462765957447"
"run_b_dilated_5k","finished","-","","","2026-05-16T21:15:58.000Z","959","","","0.103","0.000296","","","","","","","","","","","","5000","false","","512","[64,128,256]","[1,8,32]","25","[7,7,7]","2","true","0.8344023779724656","25","0.1443119971879605","0.9667103142626914","0.8344023779724656"
"laced-sweep-3","finished","-","","","2026-05-15T18:41:04.000Z","192","zzj54cl5","32,64,128_7,5,3","0.34046313479230267","0.00015307357175486463","","","","","","","","","","","","20000","false","","","","","","","","","0.831781914893617","10","0.6402510679475794","0.7828909817351598","0.831781914893617"
"lilac-sweep-8","finished","-","","","2026-05-15T19:03:30.000Z","170","zzj54cl5","32,64_7,5","0.3633684438080623","0.00016486712585016337","","","","","","","","","","","","20000","false","","","","","","","","","0.8264627659574468","10","0.807945827098742","0.6906392694063926","0.8264627659574468"
"decent-sweep-14","finished","-","","","2026-05-15T19:38:06.000Z","450","zzj54cl5","64,128,256_7,7,7_1,32,256","0.21309193064886847","0.00014289414897353855","","","","","","","","","","","","20000","false","","","","","","","","","0.8151595744680851","10","0.6144896549721287","0.790953196347032","0.8105053191489362"
"laced-sweep-9","finished","-","","","2026-05-15T13:48:21.000Z","443","9s7owsim","64,128,256_7,7,7_1,8,32","0.10330932751211558","0.0002963535898395063","","","","","","","","","","","","5000","false","","","","","","","","","0.8139080100125157","10","0.3958182387412187","0.8632990867579908","0.8139080100125157"
"honest-sweep-15","finished","-","","","2026-05-15T19:45:41.000Z","449","zzj54cl5","64,128,256_7,7,7_1,32,256","0.15484091181094928","0.00012300863220666817","","","","","","","","","","","","20000","false","","","","","","","","","0.8108377659574468","10","0.6137891275697647","0.8037243150684932","0.8105053191489362"
"graceful-sweep-11","finished","-","","","2026-05-15T13:59:45.000Z","440","9s7owsim","64,128,256_7,7,7_1,8,32","0.16208264992197377","0.0003076497194981555","","","","","","","","","","","","5000","false","","","","","","","","","0.810779098873592","10","0.45655231596064","0.8410220252484556","0.810779098873592"
"genial-sweep-16","finished","-","","","2026-05-15T19:53:14.000Z","449","zzj54cl5","64,128,256_7,7,7_1,32,256","0.1616351474291968","0.00012668690167244825","","","","","","","","","","","","20000","false","","","","","","","","","0.8038563829787234","10","0.7145048164885882","0.7517836757990868","0.801529255319149"
"fanciful-sweep-13","finished","-","","","2026-05-15T19:30:32.000Z","450","zzj54cl5","64,128,256_7,7,7_1,32,256","0.17125955105063795","0.00010124694163876686","","","","","","","","","","","","20000","false","","","","","","","","","0.7965425531914894","10","0.6590025890363406","0.7764697488584474","0.7965425531914894"
"toasty-sweep-6","finished","-","","","2026-05-15T18:55:03.000Z","287","zzj54cl5","64,128_7,5","0.4090035774586196","0.0001800953344168503","","","","","","","","","","","","20000","false","","","","","","","","","0.7905585106382979","10","0.9648782828627112","0.57113299086758","0.7905585106382979"
"vocal-sweep-11","finished","-","","","2026-05-15T19:14:18.000Z","486","zzj54cl5","64,128,256_7,7,7_1,32,256","0.15102357725010207","0.00010762554513205353","","","","","","","","","","","","10000","false","","","","","","","","","0.7872340425531915","10","0.6928949192298409","0.765713134568896","0.7872340425531915"
"dauntless-sweep-10","finished","-","","","2026-05-15T19:11:30.000Z","167","zzj54cl5","32,64_7,5","0.27973186936093686","0.00016786640730669138","","","","","","","","","","","","20000","false","","","","","","","","","0.7829122340425532","10","0.8469186732758126","0.6813641552511416","0.7829122340425532"
"usual-sweep-5","finished","-","","","2026-05-15T03:37:09.000Z","239","gc38pici","32,64,128_7,7,7_1,4,16","0.4734405376290487","0.0001798367708675064","","","","","","","","","","","","5000","false","","","","","","","","","0.7769086357947435","10","0.6837661375193835","0.7399274778404512","0.7769086357947435"
"gallant-sweep-12","finished","-","","","2026-05-15T14:07:08.000Z","465","9s7owsim","64,128,256_7,7,7_1,8,32","0.1053754329148982","0.00017888704423760853","","","","","","","","","","","","2500","false","","","","","","","","","0.7742881727158949","10","0.41335785854032464","0.8552410690303519","0.7716677096370463"
"faithful-sweep-12","finished","-","","","2026-05-15T04:16:52.000Z","459","gc38pici","64,128,256_7,7,7_1,4,16","0.45233543014086697","0.00011942689859976688","","","","","","","","","","","","5000","false","","","","","","","","","0.7656445556946183","10","0.8194785692376089","0.6611099919419823","0.762828535669587"
"mild-sweep-7","finished","-","","","2026-05-15T18:59:55.000Z","213","zzj54cl5","32,64,128_7,7,7_1,4,16","0.2569578606389781","0.00014949633292582866","","","","","","","","","","","","20000","false","","","","","","","","","0.7652925531914894","10","0.8717963205624933","0.6745861872146118","0.7652925531914894"
"curious-sweep-3","finished","-","","","2026-05-15T03:25:39.000Z","234","gc38pici","32,64,128_7,7,7_1,4,16","0.4846677389454709","0.0004484141412254591","","","","","","","","","","","","5000","false","","","","","","","","","0.7502346683354193","10","0.7725980596743443","0.6808521353746978","0.7502346683354193"
"sleek-sweep-4","finished","-","","","2026-05-15T13:26:09.000Z","233","9s7owsim","32,64,128_7,7,7_1,4,16","0.3263315391711233","0.0008331820602044918","","","","","","","","","","","","2500","false","","","","","","","","","0.7479662077596996","10","0.5900772641078458","0.7717062852538276","0.7479662077596996"
"helpful-sweep-5","finished","-","","","2026-05-15T18:48:20.000Z","401","zzj54cl5","64,128,256_7,7,7_1,4,16","0.349227168672099","0.00025312451391037527","","","","","","","","","","","","20000","false","","","","","","","","","0.7466755319148937","10","0.9140903092410466","0.6340610730593608","0.7400265957446809"
"splendid-sweep-4","finished","-","","","2026-05-15T18:44:18.000Z","241","zzj54cl5","32,64,128_7,7,7_1,4,64","0.2600202407384965","0.0005229873112085813","","","","","","","","","","","","10000","false","","","","","","","","","0.742334167709637","10","0.8116212581838935","0.6654579640075208","0.742334167709637"
"driven-sweep-12","finished","-","","","2026-05-15T19:22:28.000Z","482","zzj54cl5","64,128,256_7,7,7_1,32,256","0.2686212502474975","0.00013938438767662425","","","","","","","","","","","","2500","false","","","","","","","","","0.7327909887359199","10","0.6469629640352524","0.753147663174859","0.7304834167709637"
"robust-sweep-8","finished","-","","","2026-05-15T13:44:13.000Z","246","9s7owsim","32,64,128_7,7,7_4,16,64","0.36817081883391145","0.00010499948735958006","","","","","","","","","","","","2500","false","","","","","","","","","0.7004067584480601","10","0.7596251412869909","0.7047491941982272","0.7002112015018773"
"lively-sweep-17","finished","-","","","2026-05-15T02:49:23.000Z","183","8b34z4x1","32,64_7,5","0.32259891952928066","0.00016165813143785072","","","","","","","","","","","","2000","false","","","","","","","","","0.6986545682102628","10","0.8384213148827134","0.6660891753961858","0.6986545682102628"
"golden-sweep-1","finished","-","","","2026-05-15T13:14:42.000Z","278","9s7owsim","64,128_7,5","0.17794453568392066","0.00031778452070038173","","","","","","","","","","","","20000","false","","","","","","","","","0.6855053191489362","10","1.00900963724476","0.5591466894977168","0.6855053191489362"
"legendary-sweep-17","finished","-","","","2026-05-15T20:00:48.000Z","452","zzj54cl5","64,128,256_7,7,7_1,32,256","0.15450964465458053","0.0002912149848239665","","","","","","","","","","","","20000","false","","","","","","","","","0.682845744680851","10","0.932180990095008","0.6290667808219178","0.682845744680851"
"volcanic-sweep-2","finished","-","","","2026-05-15T13:19:22.000Z","206","9s7owsim","32,64,128_7,5,3","0.1753702980501727","0.001993573575743798","","","","","","","","","","","","2500","false","","","","","","","","","0.6813595118898623","10","0.8725889112050899","0.6044268734891217","0.6813595118898623"
"balmy-sweep-16","finished","-","","","2026-05-15T02:46:06.000Z","196","8b34z4x1","32,64_7,7_1,4","0.1378284030110427","0.001301064979142684","","","","","","","","","","","","2000","false","","","","","","","","","0.6812578222778473","10","0.9126504810561488","0.6064732742412033","0.6812578222778473"
"fluent-sweep-8","finished","-","","","2026-05-15T03:56:35.000Z","231","gc38pici","32,64,128_7,7,7_1,4,16","0.38799681367300753","0.0009133243477708044","","","","","","","","","","","","2500","true","","","","","","","","","0.6809292866082604","10","0.7586146269214752","0.6855946145581521","0.6487015018773467"
"devout-sweep-4","finished","-","","","2026-05-15T03:29:36.000Z","447","gc38pici","64,128,256_7,7,7_1,4,16","0.4445679125471821","0.0002622603967032831","","","","","","","","","","","","5000","true","","","","","","","","","0.6803817271589487","10","0.7725760603091937","0.6810032232070911","0.6803817271589487"
"lunar-sweep-9","finished","-","","","2026-05-15T19:06:24.000Z","305","zzj54cl5","64,128_7,5","0.31540459978103985","0.00010895650557324532","","","","","","","","","","","","10000","false","","","","","","","","","0.674749687108886","10","1.018509081141333","0.5348509266720387","0.6684918648310388"
"glorious-sweep-1","finished","-","","","2026-05-15T01:44:06.000Z","206","8b34z4x1","32,64,128_7,5,3","0.4024470561253398","0.0008994509270242007","","","","","","","","","","","","2000","false","","","","","","","","","0.6745619524405507","10","0.915775347412385","0.5983346763362879","0.6745619524405507"
"astral-sweep-7","finished","-","","","2026-05-15T03:48:51.000Z","462","gc38pici","64,128,256_7,7,7_1,4,16","0.12371736837536994","0.0026139628531589108","","","","","","","","","","","","2000","true","","","","","","","","","0.6661451814768461","10","0.5161752832918887","0.8036529680365296","0.6661451814768461"
"crimson-sweep-12","finished","-","","","2026-05-15T02:30:54.000Z","202","8b34z4x1","32,64,128_7,5,3","0.24921430969981737","0.0003953636945062022","","","","","","","","","","","","1000","false","","","","","","","","","0.6655037546933668","10","0.8179538214747828","0.666199973139941","0.6655037546933668"
"ruby-sweep-20","finished","-","","","2026-05-15T03:00:59.000Z","203","8b34z4x1","32,64,128_7,5,3","0.299504274336282","0.00038210022883973386","","","","","","","","","","","","1000","false","","","","","","","","","0.6591051314142679","10","0.8386898386007735","0.6543714746172442","0.6591051314142679"
"morning-sweep-6","finished","-","","","2026-05-15T02:07:17.000Z","452","8b34z4x1","64,128,256_7,7,7_1,4,16","0.42103903490327554","0.00015761437209899144","","","","","","","","","","","","2000","true","","","","","","","","","0.6567897371714644","10","0.8748587651628017","0.6377048079505775","0.6567897371714644"
"royal-sweep-4","finished","-","","","2026-05-15T01:56:29.000Z","317","8b34z4x1","64,128_7,5","0.28853052038194105","0.0003741774058167928","","","","","","","","","","","","1000","false","","","","","","","","","0.6554286608260326","10","0.9517944951772114","0.5893835616438357","0.6554286608260326"
"playful-sweep-6","finished","-","","","2026-05-15T03:41:12.000Z","453","gc38pici","64,128,256_7,7,7_1,4,16","0.4840117030684593","0.0001404661562855538","","","","","","","","","","","","5000","true","","","","","","","","","0.6544899874843555","10","0.9392426517295992","0.6018331990330379","0.6544899874843555"
"charmed-sweep-2","finished","-","","","2026-05-15T03:22:18.000Z","198","gc38pici","32,64_7,7_1,4","0.3541272596993279","0.0027147753357238875","","","","","","","","","","","","2500","false","","","","","","","","","0.6493272841051314","10","1.148963968439381","0.4611368520010744","0.6493272841051314"
"clear-sweep-8","finished","-","","","2026-05-15T02:18:05.000Z","188","8b34z4x1","32,64_7,7_1,4","0.11298670007179572","0.00017046566344007226","","","","","","","","","","","","1000","false","","","","","","","","","0.6412546933667084","10","0.9176646080607532","0.6269439967767929","0.6381414267834794"
"crimson-sweep-11","finished","-","","","2026-05-15T02:27:27.000Z","202","8b34z4x1","32,64,128_7,5,3","0.40573412653336494","0.0010710642766481708","","","","","","","","","","","","2000","true","","","","","","","","","0.6405193992490613","10","0.8851972055537644","0.615081923180231","0.6405193992490613"
"magic-sweep-3","finished","-","","","2026-05-15T13:22:53.000Z","195","9s7owsim","32,64_7,5","0.43498047575176313","0.0012034119038500865","","","","","","","","","","","","2500","false","","","","","","","","","0.6346996245306633","10","1.1977719767196762","0.46311778135911896","0.6346996245306633"
"winter-sweep-11","finished","-","","","2026-05-15T04:11:10.000Z","341","gc38pici","64,128_7,7_1,4","0.4301795091221324","0.0005053277933391681","","","","","","","","","","","","5000","false","","","","","","","","","0.6290675844806007","10","1.1889196981385994","0.431926537738383","0.6290675844806007"
"fluent-sweep-2","finished","-","","","2026-05-15T01:47:37.000Z","203","8b34z4x1","32,64,128_7,5,3","0.1137302265213041","0.004250302876302715","","","","","","","","","","","","1000","false","","","","","","","","","0.6257978723404255","10","1.0116676003581375","0.5680902497985496","0.6257978723404255"
"comic-sweep-1","finished","-","","","2026-05-15T18:32:02.000Z","234","zzj54cl5","32,64,128_7,7,7_4,16,64","0.2974054089356808","0.002892460821039577","","","","","","","","","","","","20000","false","","","","","","","","","0.6216755319148937","10","1.136216520718788","0.478453196347032","0.6170212765957447"
"fluent-sweep-1","finished","-","","","2026-05-15T03:19:02.000Z","193","gc38pici","32,64_7,5","0.22078921259929216","0.00449887722454982","","","","","","","","","","","","2500","false","","","","","","","","","0.6114674593241552","10","1.1728733734453105","0.4822471796937953","0.6114674593241552"
"fiery-sweep-9","finished","-","","","2026-05-15T04:00:32.000Z","321","gc38pici","64,128_7,5","0.28726265921895955","0.0006308153122458826","","","","","","","","","","","","5000","false","","","","","","","","","0.6106852315394243","10","1.2335541580045477","0.45064464141821114","0.610450563204005"
"different-sweep-9","finished","-","","","2026-05-14T22:49:17.000Z","364","7h9bgx3w","64,128_7,5","0.264624729730933","0.00010778161782086676","","","","","","","","","","","","500","","","","","","","","","","0.5995541301627034","10","1.028138412931034","0.5732843137254902","0.5995541301627034"
"effortless-sweep-10","finished","-","","","2026-05-15T02:24:16.000Z","187","8b34z4x1","32,64_7,7_1,4","0.13964445357859567","0.0037617748304056976","","","","","","","","","","","","1000","false","","","","","","","","","0.5957759699624531","10","1.1176066824354345","0.5116203330647328","0.5957759699624531"
"dutiful-sweep-6","finished","-","","","2026-05-14T22:34:33.000Z","292","7h9bgx3w","32,64_7,5","0.31081702325770855","0.00013035040325296243","","","","","","","","","","","","500","","","","","","","","","","0.5909887359198999","10","1.082075299065247","0.5513698630136986","0.5909887359198999"
"splendid-sweep-15","finished","-","","","2026-05-15T02:42:45.000Z","196","8b34z4x1","32,64,128_7,5,3","0.25855306781692133","0.0004574467618336335","","","","","","","","","","","","1000","true","","","","","","","","","0.5908322903629537","10","1.011011262027096","0.5624529948965887","0.5908322903629537"
"ancient-sweep-8","finished","-","","","2026-05-14T22:44:26.000Z","288","7h9bgx3w","32,64_7,5","0.1875166228518956","0.0001277465385612634","","","","","","","","","","","","500","","","","","","","","","","0.5890253441802252","10","1.0673189616798875","0.5590451248992748","0.5890253441802252"
"soft-sweep-5","finished","-","","","2026-05-15T13:30:08.000Z","327","9s7owsim","64,128_7,7_1,4","0.3664842200209091","0.0018036643960866504","","","","","","","","","","","","5000","false","","","","","","","","","0.5862015018773467","10","1.229686110787516","0.4388430029546065","0.5862015018773467"
"bumbling-sweep-14","finished","-","","","2026-05-15T02:39:23.000Z","200","8b34z4x1","32,64,128_7,5,3","0.1973638666240192","0.0004158835284440283","","","","","","","","","","","","1000","true","","","","","","","","","0.585325406758448","10","1.0140770773204977","0.562805533172173","0.5841833541927409"
"logical-sweep-7","finished","-","","","2026-05-14T22:39:30.000Z","291","7h9bgx3w","32,64_7,5","0.3259701616552935","0.00014020214355560064","","","","","","","","","","","","500","","","","","","","","","","0.5840894868585732","10","1.093231814707475","0.5438524039752888","0.5836201501877347"
"confused-sweep-5","finished","-","","","2026-05-14T22:29:26.000Z","303","7h9bgx3w","32,64,128_7,5,3","0.26303105717966657","0.00012424302139262043","","","","","","","","","","","","500","","","","","","","","","","0.5679208385481852","10","1.0879095992188987","0.5426688826215418","0.5679208385481852"
"quiet-sweep-1","finished","-","","","2026-05-14T22:03:46.000Z","283","7h9bgx3w","32,64,128_7,5,3","0.3880479352119143","0.00013303169297166877","","","","","","","","","","","","500","","","","","","","","","","0.5661686483103879","10","1.1012110027356268","0.5338990733279613","0.5661138923654568"
"happy-sweep-4","finished","-","","","2026-05-14T22:24:29.000Z","293","7h9bgx3w","32,64,128_7,5,3","0.4061146410055524","0.00012351893166120313","","","","","","","","","","","","500","","","","","","","","","","0.5597152690863579","10","1.1147756519543046","0.5268499865699705","0.5597152690863579"
"zany-sweep-10","finished","-","","","2026-05-15T13:55:47.000Z","237","9s7owsim","32,64,128_7,7,7_1,8,32","0.1990946083232008","0.0014856732738277405","","","","","","","","","","","","10000","false","","","","","","","","","0.5469336670838548","10","1.1500419414142689","0.4631345688960516","0.5469336670838548"
"worthy-sweep-3","finished","-","","","2026-05-15T01:51:03.000Z","325","8b34z4x1","64,128_7,7_1,4","0.34916968622152766","0.001892176617954796","","","","","","","","","","","","1000","true","","","","","","","","","0.5282227784730914","10","1.1224479913071157","0.4957158205748053","0.5162390488110138"
"royal-sweep-7","finished","-","","","2026-05-15T13:36:49.000Z","438","9s7owsim","64,128,256_7,7,7_1,8,32","0.4765431388906256","0.0023513669020994114","","","","","","","","","","","","10000","false","","","","","","","","","0.4993742177722153","10","1.2861504736940546","0.3993419285522428","0.4971839799749687"
"splendid-sweep-10","finished","-","","","2026-05-15T04:05:55.000Z","311","gc38pici","64,128_7,5","0.19323450130260955","0.0010080000928345575","","","","","","","","","","","","2500","true","","","","","","","","","0.49284261576971217","10","1.2253107161026249","0.4453481735159817","0.49284261576971217"
"fast-sweep-19","finished","-","","","2026-05-15T02:57:53.000Z","184","8b34z4x1","32,64_7,7_1,4","0.3986894734186987","0.002810681878968626","","","","","","","","","","","","2000","true","","","","","","","","","0.47922403003754693","10","1.189339208519654","0.4486569970453935","0.47922403003754693"
"worthy-sweep-13","finished","-","","","2026-05-15T02:34:21.000Z","296","8b34z4x1","64,128_7,5","0.23970348253345533","0.0005491657367329132","","","","","","","","","","","","2000","true","","","","","","","","","0.4759386733416771","10","1.261511273042124","0.4255103411227505","0.4759386733416771"
"distinctive-sweep-5","finished","-","","","2026-05-15T02:01:51.000Z","324","8b34z4x1","64,128_7,7_1,4","0.4011423748654931","0.0002954436473662665","","","","","","","","","","","","2000","true","","","","","","","","","0.47074468085106386","10","1.2651218169420084","0.41915793714746175","0.47074468085106386"
"desert-sweep-3","finished","-","","","2026-05-14T22:13:13.000Z","675","7h9bgx3w","128,256_11,7","0.4557972849240075","0.0008060216313120648","","","","","","","","","","","","2000","","","","","","","","","","0.45738423028785985","10","1.4240603845541495","0.30963604619930163","0.45738423028785985"
"deft-sweep-2","finished","-","","","2026-05-15T18:35:57.000Z","305","zzj54cl5","64,128_7,5","0.10721952347177312","0.00505200022772558","","","","","","","","","","","","10000","false","","","","","","","","","0.4521276595744681","10","1.272250854037252","0.37845823260811173","0.4507196495619524"
"copper-sweep-7","finished","-","","","2026-05-15T02:14:55.000Z","186","8b34z4x1","32,64_7,7_1,4","0.3834954448693102","0.0004560952411459696","","","","","","","","","","","","1000","true","","","","","","","","","0.4458072590738423","10","1.2984987378728796","0.39876779478914853","0.4458072590738423"
"upbeat-sweep-2","finished","-","","","2026-05-14T22:08:32.000Z","279","7h9bgx3w","32_7","0.4965309291406253","0.004704249436259791","","","","","","","","","","","","500","","","","","","","","","","0.42665832290362954","10","1.464451875310094","0.31880875637926404","0.42665832290362954"
"electric-sweep-18","finished","-","","","2026-05-15T02:52:30.000Z","321","8b34z4x1","64,128_7,7_1,4","0.49840961800166217","0.0001068100504036242","","","","","","","","","","","","2000","true","","","","","","","","","0.42137046307884857","10","1.381395635161706","0.3622884770346495","0.42137046307884857"
"lunar-sweep-9","finished","-","","","2026-05-15T02:21:16.000Z","178","8b34z4x1","32,64_7,7_1,4","0.3551369213292437","0.00011488297100631445","","","","","","","","","","","","1000","true","","","","","","","","","0.3946964956195244","10","1.4343642143994415","0.3426907064195541","0.3946964956195244"
"hardy-sweep-13","crashed","-","","","2026-05-15T14:14:56.000Z","364","9s7owsim","64,128,256_7,7,7_1,8,32","0.14655351192750743","0.0004435311392517449","","","","","","","","","","","","5000","false","","","","","","","","","","8","0.6184074251747183","0.7680298146655923","0.759386733416771"
"elated-sweep-1","failed","-","","","2026-05-14T22:00:25.000Z","62","g46ak8lw","32,64_11,7","0.1857344069828094","0.00036063148766581695","","","","","","","","","","","","500","","","","","","","","","","","","","",""
"breezy-sweep-18","crashed","-","","","2026-05-15T20:08:23.000Z","92","zzj54cl5","32,64,128_7,7,7_1,32,256","0.3787504569537078","0.00010472070835670912","","","","","","","","","","","","10000","false","","","","","","","","","","1","1.4895232710952309","0.3579774375503626","0.4300688360450563"
"noble-sweep-13","finished","-","","","2026-05-15T04:24:35.000Z","127","gc38pici","32,64,128_7,5,3","0.4704160780304537","0.00030232801348732425","","","","","","","","","","","","2000","true","","","","","","","","","","4","1.248257160135536","0.4259132420091325","0.30929286608260326"
"scarlet-sweep-3","finished","-","","","2026-05-14T22:02:23.000Z","49","g46ak8lw","64,128,256_11,7,5","0.3721181756782378","0.00624218522952307","","","","","","","","","","","","2000","","","","","","","","","","","","","",""
"run_a_undilated_20k","failed","-","","","2026-05-16T21:07:59.000Z","3","","","0.34","0.000153","","","","","","","","","","","","20000","false","","512","[32,64,128]","[1,1,1]","25","[7,5,3]","2","true","","","","",""
"jolly-sweep-6","failed","-","","","2026-05-15T13:35:40.000Z","64","9s7owsim","32,64,128_14,14,14_1,4,16","0.28837738396827717","0.0004299478774743347","","","","","","","","","","","","20000","false","","","","","","","","","","","","",""
"celestial-sweep-1","failed","-","","","2026-05-14T21:56:32.000Z","66","6ps21dz6","128,256_11,7","0.30165272514365493","0.0009635482063709069","","","","","","","","","","","","500","","","","","","","","","","","","","",""
"zany-sweep-2","finished","-","","","2026-05-14T22:01:29.000Z","56","g46ak8lw","64,128,256_11,7,5","0.34447800018505625","0.0018067544044872736","","","","","","","","","","","","1000","","","","","","","","","","","","","",""
"fine-sweep-2","failed","-","","","2026-05-14T21:57:43.000Z","67","6ps21dz6","32,64_11,7","0.4567467909052378","0.00032222677435843377","","","","","","","","","","","","1000","","","","","","","","","","","","","",""
"eager-sweep-10","crashed","-","","","2026-05-14T22:55:27.000Z","112","7h9bgx3w","64,128_7,5","0.24079392202488376","0.00014334083624024187","","","","","","","","","","","","500","","","","","","","","","","","1","1.4553971358470112","0.34557312651087835","0.4518069461827284"